product_key,notes,cost,quantity,image_url
"Pharmacy Bags - GS Design - #21 (3.5"" x 1.5"" x 10"")","SKU GS; size #21 (3.5"" x 1.5"" x 10""); 3,000 per case",95.56,1,https://www.bagsupplyco.com/catalog/pharmacy/gs/GS-22-FRONT.webp
"Pharmacy Bags - GS Design - #22 (4.5"" x 2.25"" x 11"")","SKU GS; size #22 (4.5"" x 2.25"" x 11""); 3,000 per case",119.81,1,https://www.bagsupplyco.com/catalog/pharmacy/gs/GS-22-FRONT.webp
"Pharmacy Bags - GS Design - #23 (5"" x 2"" x 10"")","SKU GS; size #23 (5"" x 2"" x 10""); 3,000 per case",117.42,1,https://www.bagsupplyco.com/catalog/pharmacy/gs/GS-22-FRONT.webp
"Pharmacy Bags - GS Design - #25 (6"" x 4"" x 11"")","SKU GS; size #25 (6"" x 4"" x 11""); 1,000 per case",65.91,1,https://www.bagsupplyco.com/catalog/pharmacy/gs/GS-22-FRONT.webp
"Pharmacy Bags - GS Design - #26 (7"" x 4"" x 14"")","SKU GS; size #26 (7"" x 4"" x 14""); 1,000 per case",102.29,1,https://www.bagsupplyco.com/catalog/pharmacy/gs/GS-22-FRONT.webp
"Pharmacy Bags - GS Design - #28 (8"" x 5"" x 17"")","SKU GS; size #28 (8"" x 5"" x 17""); 500 per case",112.10,1,https://www.bagsupplyco.com/catalog/pharmacy/gs/GS-22-FRONT.webp
"Pharmacy Bags - GS Design - #12 (7"" x 10"")","SKU GS; size #12 (7"" x 10""); 3,000 per case",115.35,1,https://www.bagsupplyco.com/catalog/pharmacy/gs/GS-22-FRONT.webp
"Pharmacy Bags - GS Design - #14 (9"" x 11"")","SKU GS; size #14 (9"" x 11""); 2,000 per case",99.69,1,https://www.bagsupplyco.com/catalog/pharmacy/gs/GS-22-FRONT.webp
"Pharmacy Bags - GS Design - #15 (8.5"" x 3.5"" x 14.5"")","SKU GS; size #15 (8.5"" x 3.5"" x 14.5""); 1,000 per case",95.78,1,https://www.bagsupplyco.com/catalog/pharmacy/gs/GS-22-FRONT.webp
"Pharmacy Bags - Plastic GS Design - #32 (9"" x 5.5"" x 18"")","SKU PFCGSP; size #32 (9"" x 5.5"" x 18""); 1,000 per case",70.84,1,https://www.bagsupplyco.com/catalog/pharmacy/plastic-gs/32-GSP-FRONT.webp
"Pharmacy Bags - Plastic GS Design - #35 (12"" x 7"" x 23"")","SKU PFCGSP; size #35 (12"" x 7"" x 23""); 1,000 per case",90.84,1,https://www.bagsupplyco.com/catalog/pharmacy/plastic-gs/32-GSP-FRONT.webp
"Pharmacy Bags - Plastic GS Design - #30 (12"" x 7"" x 25"")","SKU PFCGSP; size #30 (12"" x 7"" x 25""); 500 per case",116.03,1,https://www.bagsupplyco.com/catalog/pharmacy/plastic-gs/32-GSP-FRONT.webp
"Pharmacy Bags - TY Design - #21 (3.5"" x 1.5"" x 10"")","SKU TY; size #21 (3.5"" x 1.5"" x 10""); 3,000 per case",95.56,1,https://www.bagsupplyco.com/catalog/pharmacy/ty/TY-22-FRONT.webp
"Pharmacy Bags - TY Design - #22 (4.5"" x 2.25"" x 11"")","SKU TY; size #22 (4.5"" x 2.25"" x 11""); 3,000 per case",119.81,1,https://www.bagsupplyco.com/catalog/pharmacy/ty/TY-22-FRONT.webp
"Pharmacy Bags - TY Design - #23 (5"" x 2"" x 10"")","SKU TY; size #23 (5"" x 2"" x 10""); 3,000 per case",117.41,1,https://www.bagsupplyco.com/catalog/pharmacy/ty/TY-22-FRONT.webp
"Pharmacy Bags - TY Design - #25 (6"" x 4"" x 11"")","SKU TY; size #25 (6"" x 4"" x 11""); 1,000 per case",65.91,1,https://www.bagsupplyco.com/catalog/pharmacy/ty/TY-22-FRONT.webp
"Pharmacy Bags - TY Design - #26 (7"" x 4"" x 14"")","SKU TY; size #26 (7"" x 4"" x 14""); 1,000 per case",102.29,1,https://www.bagsupplyco.com/catalog/pharmacy/ty/TY-22-FRONT.webp
"Pharmacy Bags - TY Design - #28 (8"" x 5"" x 17"")","SKU TY; size #28 (8"" x 5"" x 17""); 500 per case",112.10,1,https://www.bagsupplyco.com/catalog/pharmacy/ty/TY-22-FRONT.webp
"Pharmacy Bags - TY Design - #12 (7"" x 10"")","SKU TY; size #12 (7"" x 10""); 3,000 per case",115.35,1,https://www.bagsupplyco.com/catalog/pharmacy/ty/TY-22-FRONT.webp
"Pharmacy Bags - TY Design - #14 (9"" x 11"")","SKU TY; size #14 (9"" x 11""); 2,000 per case",99.69,1,https://www.bagsupplyco.com/catalog/pharmacy/ty/TY-22-FRONT.webp
"Pharmacy Bags - TY Design - #15 (8.5"" x 3.5"" x 14.5"")","SKU TY; size #15 (8.5"" x 3.5"" x 14.5""); 1,000 per case",95.78,1,https://www.bagsupplyco.com/catalog/pharmacy/ty/TY-22-FRONT.webp
"Veterinary Bag Design #VB1 - Pinch bottom #22 (4.5"" x 2.25"" x 11"")","SKU VB1; size Pinch bottom #22 (4.5"" x 2.25"" x 11""); 3,000 per case",119.81,1,https://www.bagsupplyco.com/catalog/veterinary/vb1/VB1-22-FRONT.webp
"Veterinary Bag Design #VB1 - Flat bag #12 (7"" x 10"")","SKU VB1; size Flat bag #12 (7"" x 10""); 3,000 per case",115.35,1,https://www.bagsupplyco.com/catalog/veterinary/vb1/VB1-22-FRONT.webp
"Veterinary Bag Design #VB1 - Square bottom #25 (6"" x 4"" x 11"")","SKU VB1; size Square bottom #25 (6"" x 4"" x 11""); 1,000 per case",65.91,1,https://www.bagsupplyco.com/catalog/veterinary/vb1/VB1-22-FRONT.webp
"Veterinary Bag Design #VB2 - Pinch bottom #22 (4.5"" x 2.25"" x 11"")","SKU VB2; size Pinch bottom #22 (4.5"" x 2.25"" x 11""); 3,000 per case",119.81,1,https://www.bagsupplyco.com/catalog/veterinary/vb2/VB2-22-FRONT.webp
"Veterinary Bag Design #VB2 - Flat bag #12 (7"" x 10"")","SKU VB2; size Flat bag #12 (7"" x 10""); 3,000 per case",115.35,1,https://www.bagsupplyco.com/catalog/veterinary/vb2/VB2-22-FRONT.webp
"Veterinary Bag Design #VB2 - Square bottom #25 (6"" x 4"" x 11"")","SKU VB2; size Square bottom #25 (6"" x 4"" x 11""); 1,000 per case",65.91,1,https://www.bagsupplyco.com/catalog/veterinary/vb2/VB2-22-FRONT.webp
"Veterinary Bag Design #VB6 - Pinch bottom #22 (4.5"" x 2.25"" x 11"")","SKU VB6; size Pinch bottom #22 (4.5"" x 2.25"" x 11""); 3,000 per case",119.81,1,https://www.bagsupplyco.com/catalog/veterinary/vb6/VB6-22-FRONT.webp
"Veterinary Bag Design #VB6 - Flat bag #12 (7"" x 10"")","SKU VB6; size Flat bag #12 (7"" x 10""); 3,000 per case",115.35,1,https://www.bagsupplyco.com/catalog/veterinary/vb6/VB6-22-FRONT.webp
"Veterinary Bag Design #VB6 - Square bottom #25 (6"" x 4"" x 11"")","SKU VB6; size Square bottom #25 (6"" x 4"" x 11""); 1,000 per case",65.91,1,https://www.bagsupplyco.com/catalog/veterinary/vb6/VB6-22-FRONT.webp
"Classic RX Prescription Pharmacy Bags - Classic RX (10"" x 5"" x 1"")","SKU DISPENSARY-PRESCRIPTION-EXIT-BAG; size Classic RX (10"" x 5"" x 1""); 1000 qty - FREE SHIPPING",110.00,1,https://www.bagsupplyco.com/catalog/dispensary/4947165f2c_21-ds_f4603711.jpg
"Classic RX Prescription Pharmacy Bags - #12-DS (7"" x 10"")","SKU DISPENSARY-PRESCRIPTION-EXIT-BAG; size #12-DS (7"" x 10""); 1000 qty",45.00,1,https://www.bagsupplyco.com/catalog/dispensary/4947165f2c_21-ds_f4603711.jpg
"Dispensary Bag Design #10 - Classic RX (10"" x 5"" x 1"")","SKU DS-10; size Classic RX (10"" x 5"" x 1""); 1,000/case",43.40,1,https://www.bagsupplyco.com/images/catalog/smoke-shop/dispensary-bag-design-10.webp
"Dispensary Bag Design #10 - #12-DS (7"" x 10"")","SKU DS-10; size #12-DS (7"" x 10""); 1,000/case",43.40,1,https://www.bagsupplyco.com/images/catalog/smoke-shop/dispensary-bag-design-10.webp
"Dispensary Bag Design #11 - Classic RX (10"" x 5"" x 1"")","SKU DS-11; size Classic RX (10"" x 5"" x 1""); 1,000/case",43.40,1,https://www.bagsupplyco.com/images/catalog/smoke-shop/dispensary-bag-design-11.webp
"Dispensary Bag Design #11 - #12-DS (7"" x 10"")","SKU DS-11; size #12-DS (7"" x 10""); 1,000/case",43.40,1,https://www.bagsupplyco.com/images/catalog/smoke-shop/dispensary-bag-design-11.webp
"Dispensary Bag Design #12 - Classic RX (10"" x 5"" x 1"")","SKU DS-12; size Classic RX (10"" x 5"" x 1""); 1,000/case",43.40,1,https://www.bagsupplyco.com/images/catalog/smoke-shop/dispensary-bag-design-12.webp
"Dispensary Bag Design #12 - #12-DS (7"" x 10"")","SKU DS-12; size #12-DS (7"" x 10""); 1,000/case",43.40,1,https://www.bagsupplyco.com/images/catalog/smoke-shop/dispensary-bag-design-12.webp
"Dispensary Bag Design #13 - Classic RX (10"" x 5"" x 1"")","SKU DS-13; size Classic RX (10"" x 5"" x 1""); 1,000/case",43.40,1,https://www.bagsupplyco.com/images/catalog/smoke-shop/dispensary-bag-design-13.webp
"Dispensary Bag Design #13 - #12-DS (7"" x 10"")","SKU DS-13; size #12-DS (7"" x 10""); 1,000/case",43.40,1,https://www.bagsupplyco.com/images/catalog/smoke-shop/dispensary-bag-design-13.webp
"Dispensary Bag Design #14 - Classic RX (10"" x 5"" x 1"")","SKU DS-14; size Classic RX (10"" x 5"" x 1""); 1,000/case",43.40,1,https://www.bagsupplyco.com/images/catalog/smoke-shop/dispensary-bag-design-14.webp
"Dispensary Bag Design #14 - #12-DS (7"" x 10"")","SKU DS-14; size #12-DS (7"" x 10""); 1,000/case",43.40,1,https://www.bagsupplyco.com/images/catalog/smoke-shop/dispensary-bag-design-14.webp
"Dispensary Bag Design #15 - Classic RX (10"" x 5"" x 1"")","SKU DS-15; size Classic RX (10"" x 5"" x 1""); 1,000/case",43.40,1,https://www.bagsupplyco.com/images/catalog/smoke-shop/dispensary-bag-design-15.webp
"Dispensary Bag Design #15 - #12-DS (7"" x 10"")","SKU DS-15; size #12-DS (7"" x 10""); 1,000/case",43.40,1,https://www.bagsupplyco.com/images/catalog/smoke-shop/dispensary-bag-design-15.webp
"Dispensary Bag Design #16 - Classic RX (10"" x 5"" x 1"")","SKU DS-16; size Classic RX (10"" x 5"" x 1""); 1,000/case",43.40,1,https://www.bagsupplyco.com/images/catalog/smoke-shop/dispensary-bag-design-16.webp
"Dispensary Bag Design #16 - #12-DS (7"" x 10"")","SKU DS-16; size #12-DS (7"" x 10""); 1,000/case",43.40,1,https://www.bagsupplyco.com/images/catalog/smoke-shop/dispensary-bag-design-16.webp
"Dispensary Bag Design #17 - Classic RX (10"" x 5"" x 1"")","SKU DS-17; size Classic RX (10"" x 5"" x 1""); 1,000/case",43.40,1,https://www.bagsupplyco.com/images/catalog/smoke-shop/dispensary-bag-design-17.webp
"Dispensary Bag Design #17 - #12-DS (7"" x 10"")","SKU DS-17; size #12-DS (7"" x 10""); 1,000/case",43.40,1,https://www.bagsupplyco.com/images/catalog/smoke-shop/dispensary-bag-design-17.webp
"Dispensary Bag Design #18 - Classic RX (10"" x 5"" x 1"")","SKU DS-18; size Classic RX (10"" x 5"" x 1""); 1,000/case",43.40,1,https://www.bagsupplyco.com/images/catalog/smoke-shop/dispensary-bag-design-18.webp
"Dispensary Bag Design #18 - #12-DS (7"" x 10"")","SKU DS-18; size #12-DS (7"" x 10""); 1,000/case",43.40,1,https://www.bagsupplyco.com/images/catalog/smoke-shop/dispensary-bag-design-18.webp
"Dispensary Bag Design #19 - Classic RX (10"" x 5"" x 1"")","SKU DS-19; size Classic RX (10"" x 5"" x 1""); 1,000/case",43.40,1,https://www.bagsupplyco.com/images/catalog/smoke-shop/dispensary-bag-design-19.webp
"Dispensary Bag Design #19 - #12-DS (7"" x 10"")","SKU DS-19; size #12-DS (7"" x 10""); 1,000/case",43.40,1,https://www.bagsupplyco.com/images/catalog/smoke-shop/dispensary-bag-design-19.webp
"Dispensary Bag Design #20 - Classic RX (10"" x 5"" x 1"")","SKU DS-20; size Classic RX (10"" x 5"" x 1""); 1,000/case",43.40,1,https://www.bagsupplyco.com/images/catalog/smoke-shop/dispensary-bag-design-20.webp
"Dispensary Bag Design #20 - #12-DS (7"" x 10"")","SKU DS-20; size #12-DS (7"" x 10""); 1,000/case",43.40,1,https://www.bagsupplyco.com/images/catalog/smoke-shop/dispensary-bag-design-20.webp
"Dispensary Bag Design #21 - Classic RX (10"" x 5"" x 1"")","SKU DS-21; size Classic RX (10"" x 5"" x 1""); 1,000/case",43.40,1,https://www.bagsupplyco.com/images/catalog/smoke-shop/dispensary-bag-design-21.webp
"Dispensary Bag Design #21 - #12-DS (7"" x 10"")","SKU DS-21; size #12-DS (7"" x 10""); 1,000/case",43.40,1,https://www.bagsupplyco.com/images/catalog/smoke-shop/dispensary-bag-design-21.webp
"Dispensary Bag Design #22 - Classic RX (10"" x 5"" x 1"")","SKU DS-22; size Classic RX (10"" x 5"" x 1""); 1,000/case",43.40,1,https://www.bagsupplyco.com/images/catalog/smoke-shop/dispensary-bag-design-22.webp
"Dispensary Bag Design #22 - #12-DS (7"" x 10"")","SKU DS-22; size #12-DS (7"" x 10""); 1,000/case",43.40,1,https://www.bagsupplyco.com/images/catalog/smoke-shop/dispensary-bag-design-22.webp
"Dispensary Bag Design #23 - Classic RX (10"" x 5"" x 1"")","SKU DS-23; size Classic RX (10"" x 5"" x 1""); 1,000/case",43.40,1,https://www.bagsupplyco.com/images/catalog/smoke-shop/dispensary-bag-design-23.webp
"Dispensary Bag Design #23 - #12-DS (7"" x 10"")","SKU DS-23; size #12-DS (7"" x 10""); 1,000/case",43.40,1,https://www.bagsupplyco.com/images/catalog/smoke-shop/dispensary-bag-design-23.webp
"Dispensary Bag Design #24 - Classic RX (10"" x 5"" x 1"")","SKU DS-24; size Classic RX (10"" x 5"" x 1""); 1,000/case",43.40,1,https://www.bagsupplyco.com/images/catalog/smoke-shop/dispensary-bag-design-24.webp
"Dispensary Bag Design #24 - #12-DS (7"" x 10"")","SKU DS-24; size #12-DS (7"" x 10""); 1,000/case",43.40,1,https://www.bagsupplyco.com/images/catalog/smoke-shop/dispensary-bag-design-24.webp
"Full-Custom, 1-Color Bags - #21 (3.5"" x 1.5"" x 10"")","SKU FC1C; size #21 (3.5"" x 1.5"" x 10""); 3,000 per case",95.56,1,https://www.bagsupplyco.com/catalog/custom/1-color/CBC-22-FC1C.webp
"Full-Custom, 1-Color Bags - #22 (4.5"" x 2.25"" x 11"")","SKU FC1C; size #22 (4.5"" x 2.25"" x 11""); 3,000 per case",119.80,1,https://www.bagsupplyco.com/catalog/custom/1-color/CBC-22-FC1C.webp
"Full-Custom, 1-Color Bags - #23 (5"" x 2"" x 10"")","SKU FC1C; size #23 (5"" x 2"" x 10""); 3,000 per case",117.40,1,https://www.bagsupplyco.com/catalog/custom/1-color/CBC-22-FC1C.webp
"Full-Custom, 1-Color Bags - #25 (6"" x 4"" x 11"")","SKU FC1C; size #25 (6"" x 4"" x 11""); 2,000 per case",133.08,1,https://www.bagsupplyco.com/catalog/custom/1-color/CBC-22-FC1C.webp
"Full-Custom, 1-Color Bags - #26 (7"" x 4"" x 14"")","SKU FC1C; size #26 (7"" x 4"" x 14""); 1,000 per case",102.29,1,https://www.bagsupplyco.com/catalog/custom/1-color/CBC-22-FC1C.webp
"Full-Custom, 1-Color Bags - #28 (8"" x 5"" x 17"")","SKU FC1C; size #28 (8"" x 5"" x 17""); 500 per case",112.10,1,https://www.bagsupplyco.com/catalog/custom/1-color/CBC-22-FC1C.webp
"Full-Custom, 1-Color Bags - #12 (7"" x 10"")","SKU FC1C; size #12 (7"" x 10""); 3,000 per case",115.35,1,https://www.bagsupplyco.com/catalog/custom/1-color/CBC-22-FC1C.webp
"Full-Custom, 1-Color Bags - #14 (9"" x 11"")","SKU FC1C; size #14 (9"" x 11""); 2,000 per case",99.68,1,https://www.bagsupplyco.com/catalog/custom/1-color/CBC-22-FC1C.webp
"Full-Custom, 1-Color Bags - #15 (8.5"" x 3.5"" x 14.5"")","SKU FC1C; size #15 (8.5"" x 3.5"" x 14.5""); 1,000 per case",95.78,1,https://www.bagsupplyco.com/catalog/custom/1-color/CBC-22-FC1C.webp
"Full-Custom, 2-Color Bags - #21 (3.5"" x 1.5"" x 10"")","SKU FC2C; size #21 (3.5"" x 1.5"" x 10""); 3,000 per case",95.56,1,https://www.bagsupplyco.com/catalog/custom/2-color/CBC-22-FC2C.webp
"Full-Custom, 2-Color Bags - #22 (4.5"" x 2.25"" x 11"")","SKU FC2C; size #22 (4.5"" x 2.25"" x 11""); 3,000 per case",119.80,1,https://www.bagsupplyco.com/catalog/custom/2-color/CBC-22-FC2C.webp
"Full-Custom, 2-Color Bags - #23 (5"" x 2"" x 10"")","SKU FC2C; size #23 (5"" x 2"" x 10""); 3,000 per case",117.40,1,https://www.bagsupplyco.com/catalog/custom/2-color/CBC-22-FC2C.webp
"Full-Custom, 2-Color Bags - #25 (6"" x 4"" x 11"")","SKU FC2C; size #25 (6"" x 4"" x 11""); 2,000 per case",133.08,1,https://www.bagsupplyco.com/catalog/custom/2-color/CBC-22-FC2C.webp
"Full-Custom, 2-Color Bags - #26 (7"" x 4"" x 14"")","SKU FC2C; size #26 (7"" x 4"" x 14""); 1,000 per case",102.29,1,https://www.bagsupplyco.com/catalog/custom/2-color/CBC-22-FC2C.webp
"Full-Custom, 2-Color Bags - #28 (8"" x 5"" x 17"")","SKU FC2C; size #28 (8"" x 5"" x 17""); 500 per case",112.10,1,https://www.bagsupplyco.com/catalog/custom/2-color/CBC-22-FC2C.webp
"Full-Custom, 2-Color Bags - #12 (7"" x 10"")","SKU FC2C; size #12 (7"" x 10""); 3,000 per case",115.35,1,https://www.bagsupplyco.com/catalog/custom/2-color/CBC-22-FC2C.webp
"Full-Custom, 2-Color Bags - #14 (9"" x 11"")","SKU FC2C; size #14 (9"" x 11""); 2,000 per case",99.68,1,https://www.bagsupplyco.com/catalog/custom/2-color/CBC-22-FC2C.webp
"Full-Custom, 2-Color Bags - #15 (8.5"" x 3.5"" x 14.5"")","SKU FC2C; size #15 (8.5"" x 3.5"" x 14.5""); 1,000 per case",95.78,1,https://www.bagsupplyco.com/catalog/custom/2-color/CBC-22-FC2C.webp
"Full-Custom, 3-Color Bags - #21 (3.5"" x 1.5"" x 10"")","SKU FC3C; size #21 (3.5"" x 1.5"" x 10""); 3,000 per case",119.46,1,https://www.bagsupplyco.com/catalog/custom/3-color/CBC-22-FC3C.webp
"Full-Custom, 3-Color Bags - #22 (4.5"" x 2.25"" x 11"")","SKU FC3C; size #22 (4.5"" x 2.25"" x 11""); 3,000 per case",149.76,1,https://www.bagsupplyco.com/catalog/custom/3-color/CBC-22-FC3C.webp
"Full-Custom, 3-Color Bags - #23 (5"" x 2"" x 10"")","SKU FC3C; size #23 (5"" x 2"" x 10""); 3,000 per case",146.76,1,https://www.bagsupplyco.com/catalog/custom/3-color/CBC-22-FC3C.webp
"Full-Custom, 3-Color Bags - #25 (6"" x 4"" x 11"")","SKU FC3C; size #25 (6"" x 4"" x 11""); 2,000 per case",166.36,1,https://www.bagsupplyco.com/catalog/custom/3-color/CBC-22-FC3C.webp
"Full-Custom, 3-Color Bags - #26 (7"" x 4"" x 14"")","SKU FC3C; size #26 (7"" x 4"" x 14""); 1,000 per case",127.86,1,https://www.bagsupplyco.com/catalog/custom/3-color/CBC-22-FC3C.webp
"Full-Custom, 3-Color Bags - #28 (8"" x 5"" x 17"")","SKU FC3C; size #28 (8"" x 5"" x 17""); 500 per case",140.12,1,https://www.bagsupplyco.com/catalog/custom/3-color/CBC-22-FC3C.webp
"Full-Custom, 3-Color Bags - #12 (7"" x 10"")","SKU FC3C; size #12 (7"" x 10""); 3,000 per case",144.18,1,https://www.bagsupplyco.com/catalog/custom/3-color/CBC-22-FC3C.webp
"Full-Custom, 3-Color Bags - #14 (9"" x 11"")","SKU FC3C; size #14 (9"" x 11""); 2,000 per case",124.61,1,https://www.bagsupplyco.com/catalog/custom/3-color/CBC-22-FC3C.webp
"Full-Custom, 3-Color Bags - #15 (8.5"" x 3.5"" x 14.5"")","SKU FC3C; size #15 (8.5"" x 3.5"" x 14.5""); 1,000 per case",119.71,1,https://www.bagsupplyco.com/catalog/custom/3-color/CBC-22-FC3C.webp
1/8 oz Rx Generic,SKU MYL-DP-001; size 1/8 oz; Designer Printed; 100 qty,40.00,1,https://www.bagsupplyco.com/images/mylar/1-8-oz-rx-generic-designer.webp
1/8 oz Cali Caviar,SKU MYL-DP-002; size 1/8 oz; Designer Printed; 100 qty,40.00,1,https://www.bagsupplyco.com/images/mylar/1-8-oz-cali-caviar-designer.webp
1/8 oz 8th Madness Cali Caviar Red,SKU MYL-DP-003; size 1/8 oz; Designer Printed; 100 qty,40.00,1,https://www.bagsupplyco.com/images/mylar/1-8-oz-8th-madness-cali-caviar-red-designer.webp
1/8 oz Gold Rx,SKU MYL-DP-004; size 1/8 oz; Designer Printed; 100 qty,40.00,1,https://www.bagsupplyco.com/images/mylar/1-8-oz-gold-rx-designer.webp
1/8 oz Green Rx,SKU MYL-DP-005; size 1/8 oz; Designer Printed; 100 qty,40.00,1,https://www.bagsupplyco.com/images/mylar/1-8-oz-green-rx-designer.webp
1/8 oz White Rx,SKU MYL-DP-006; size 1/8 oz; Designer Printed; 100 qty,40.00,1,https://www.bagsupplyco.com/images/mylar/1-8-oz-white-rx-designer.webp
1/8 oz Holographic Black Mushroom,SKU MYL-DP-007; size 1/8 oz; Designer Printed; 100 qty,40.00,1,https://www.bagsupplyco.com/images/mylar/1-8-oz-holographic-black-mushroom-designer.webp
1/8 oz Silver + Labels,SKU MYL-DP-008; size 1/8 oz; Silver/Clear + Labels; 100 qty,40.00,1,https://www.bagsupplyco.com/images/mylar/1-8-oz-silver-clear-with-labels-designer.webp
1/8 oz Matte Black/Clear + Labels,SKU MYL-DP-009; size 1/8 oz; Matte Black/Clear + Labels; 100 qty,40.00,1,https://www.bagsupplyco.com/images/mylar/1-8-oz-matte-black-clear-with-labels-designer.webp
1/8 oz Matte Black Opaque + Labels,SKU MYL-DP-010; size 1/8 oz; Matte Black Opaque + Labels; 100 qty,40.00,1,https://www.bagsupplyco.com/images/mylar/1-8-oz-matte-black-opaque-with-labels-designer.webp
1/8 oz Gold/Clear + Labels,SKU MYL-DP-011; size 1/8 oz; Gold/Clear + Labels; 100 qty,40.00,1,https://www.bagsupplyco.com/images/mylar/1-8-oz-gold-clear-with-labels-designer.webp
1/8 oz Holographic/Clear + Labels,SKU MYL-DP-012; size 1/8 oz; Holographic/Clear + Labels; 100 qty,40.00,1,https://www.bagsupplyco.com/images/mylar/1-8-oz-holographic-clear-with-labels-designer.webp
1/8 oz 4x5 Matte Black Opaque Rounded,"SKU MYL-DP-013; size 1/8 oz; 4x5 Matte Black Opaque Rounded; 1,000 qty",40.00,1,https://www.bagsupplyco.com/images/mylar/1-8-oz-4x5-matte-black-opaque-rounded-designer.webp
1/8 oz 4x5 Matte White/Clear Rounded,"SKU MYL-DP-014; size 1/8 oz; 4x5 Matte White/Clear Rounded; 1,000 qty",40.00,1,https://www.bagsupplyco.com/images/mylar/1-8-oz-4x5-matte-white-clear-rounded-designer.webp
1/4 oz Gloss Black/Clear + Labels,SKU MYL-DP-015; size 1/4 oz; Gloss Black/Clear + Labels; 100 qty,47.00,1,https://www.bagsupplyco.com/images/mylar/1-4-oz-gloss-black-clear-with-labels-designer.webp
1/4 oz Matte Black/Clear + Labels,SKU MYL-DP-016; size 1/4 oz; Matte Black/Clear + Labels; 100 qty,47.00,1,https://www.bagsupplyco.com/images/mylar/1-4-oz-matte-black-clear-with-labels-designer.webp
1/4 oz Matte Black Opaque,"SKU MYL-DP-017; size 1/4 oz; Matte Black Opaque; 1,000 qty",47.00,1,https://www.bagsupplyco.com/images/mylar/1-4-oz-matte-black-opaque-designer.webp
1/4 oz Gloss Holographic/Clear,"SKU MYL-DP-018; size 1/4 oz; Gloss Holographic/Clear; 1,000 qty",47.00,1,https://www.bagsupplyco.com/images/mylar/1-4-oz-gloss-holographic-clear-designer.webp
1/2 oz Matte Black/Clear + Labels,SKU MYL-DP-019; size 1/2 oz; Matte Black/Clear + Labels; 100 qty,55.00,1,https://www.bagsupplyco.com/images/mylar/1-2-oz-matte-black-clear-with-labels-designer.webp
1/2 oz Matte Black Opaque + Labels,SKU MYL-DP-020; size 1/2 oz; Matte Black Opaque + Labels; 100 qty,55.00,1,https://www.bagsupplyco.com/images/mylar/1-2-oz-matte-black-opaque-with-labels-designer.webp
1 oz Rx Generic,SKU MYL-DP-021; size 1 oz; Designer Printed; 100 qty,60.00,1,https://www.bagsupplyco.com/images/mylar/1-oz-rx-generic-designer.webp
1 oz Matte Black/Clear + Labels,SKU MYL-DP-022; size 1 oz; Matte Black/Clear + Labels; 100 qty,60.00,1,https://www.bagsupplyco.com/images/mylar/1-oz-matte-black-clear-with-labels-designer.webp
1 oz Matte Black Opaque + Labels,SKU MYL-DP-023; size 1 oz; Matte Black Opaque + Labels; 100 qty,60.00,1,https://www.bagsupplyco.com/images/mylar/1-oz-matte-black-opaque-with-labels-designer.webp
1 oz Matte Black/Matte Black Designer + Labels,SKU MYL-DP-024; size 1 oz; Matte Black/Matte Black Designer + Labels; 100 qty,60.00,1,https://www.bagsupplyco.com/images/mylar/1-oz-matte-black-designer-with-labels.webp
1g Gloss Black Opaque + Labels,SKU MYL-DP-025; size 1g; Gloss Black Opaque + Labels; 100 qty,27.00,1,https://www.bagsupplyco.com/images/mylar/1g-gloss-black-opaque-with-labels-designer.webp
Pre-Roll Matte White/Clear,"SKU MYL-DP-026; size Pre-Roll; Matte White/Clear; 1,000 qty",64.00,1,https://www.bagsupplyco.com/images/mylar/pre-roll-matte-white-clear-designer.webp
Pre-Roll Matte Black/Clear,"SKU MYL-DP-027; size Pre-Roll; Matte Black/Clear; 1,000 qty",64.00,1,https://www.bagsupplyco.com/images/mylar/pre-roll-matte-black-clear-designer.webp
1/8 oz CR Exit Bag Matte Black,"SKU MYL-DP-028; size 1/8 oz; CR Exit Matte Black; 1,000 qty",40.00,1,https://www.bagsupplyco.com/images/mylar/1-8-oz-cr-exit-matte-black-designer.webp
1/4 oz CR Exit Bag Matte Black,"SKU MYL-DP-029; size 1/4 oz; CR Exit Matte Black; 1,000 qty",47.00,1,https://www.bagsupplyco.com/images/mylar/1-4-oz-cr-exit-matte-black-designer.webp
1 LB Grower Gloss Black/Clear,SKU MYL-DP-030; size 1 lb; Gloss Black/Clear Grower; 10 qty,73.00,1,https://www.bagsupplyco.com/images/mylar/1-lb-grower-gloss-black-clear-designer.webp
1g Gloss Black/Clear,"SKU MYL-PS-031; size 1g; Gloss Black/Clear; 1,000 qty",109.00,1,https://www.bagsupplyco.com/images/mylar/1g-gloss-black-clear-plain.webp
1g Matte Black/Clear,"SKU MYL-PS-032; size 1g; Matte Black/Clear; 1,000 qty",109.00,1,https://www.bagsupplyco.com/images/mylar/1g-matte-black-clear-plain.webp
1g Matte Black Opaque,"SKU MYL-PS-033; size 1g; Matte Black Opaque; 1,000 qty",109.00,1,https://www.bagsupplyco.com/images/mylar/1g-matte-black-opaque-plain.webp
1g Matte White/Clear,"SKU MYL-PS-034; size 1g; Matte White/Clear; 1,000 qty",109.00,1,https://www.bagsupplyco.com/images/mylar/1g-matte-white-clear-plain.webp
1g Gloss Silver/Clear,"SKU MYL-PS-035; size 1g; Gloss Silver/Clear; 1,000 qty",109.00,1,https://www.bagsupplyco.com/images/mylar/1g-gloss-silver-clear-plain.webp
1g Gloss Holographic/Clear,"SKU MYL-PS-036; size 1g; Gloss Holographic/Clear; 1,000 qty",109.00,1,https://www.bagsupplyco.com/images/mylar/1g-gloss-holographic-clear-plain.webp
1g Kraft/Clear,"SKU MYL-PS-037; size 1g; Kraft/Clear; 1,000 qty",109.00,1,https://www.bagsupplyco.com/images/mylar/1g-kraft-clear-plain.webp
1/8 oz Gloss Black/Clear,"SKU MYL-PS-038; size 1/8 oz; Gloss Black/Clear; 1,000 qty",127.00,1,https://www.bagsupplyco.com/images/mylar/1-8-oz-gloss-black-clear-plain.webp
1/8 oz Matte Black/Clear,"SKU MYL-PS-039; size 1/8 oz; Matte Black/Clear; 1,000 qty",127.00,1,https://www.bagsupplyco.com/images/mylar/1-8-oz-matte-black-clear-plain.webp
1/8 oz Matte Black Opaque,"SKU MYL-PS-040; size 1/8 oz; Matte Black Opaque; 1,000 qty",127.00,1,https://www.bagsupplyco.com/images/mylar/1-8-oz-matte-black-opaque-plain.webp
1/8 oz Matte White/Clear,"SKU MYL-PS-041; size 1/8 oz; Matte White/Clear; 1,000 qty",127.00,1,https://www.bagsupplyco.com/images/mylar/1-8-oz-matte-white-clear-plain.webp
1/8 oz Gloss Silver/Clear,"SKU MYL-PS-042; size 1/8 oz; Gloss Silver/Clear; 1,000 qty",127.00,1,https://www.bagsupplyco.com/images/mylar/1-8-oz-gloss-silver-clear-plain.webp
1/8 oz Gloss Gold/Clear,"SKU MYL-PS-043; size 1/8 oz; Gloss Gold/Clear; 1,000 qty",127.00,1,https://www.bagsupplyco.com/images/mylar/1-8-oz-gloss-gold-clear-plain.webp
1/8 oz Gloss Holographic/Clear,"SKU MYL-PS-044; size 1/8 oz; Gloss Holographic/Clear; 1,000 qty",127.00,1,https://www.bagsupplyco.com/images/mylar/1-8-oz-gloss-holographic-clear-plain.webp
1/8 oz Kraft/Clear,"SKU MYL-PS-045; size 1/8 oz; Kraft/Clear; 1,000 qty",127.00,1,https://www.bagsupplyco.com/images/mylar/1-8-oz-kraft-clear-plain.webp
1/4 oz Gloss Black/Clear,"SKU MYL-PS-046; size 1/4 oz; Gloss Black/Clear; 1,000 qty",145.00,1,https://www.bagsupplyco.com/images/mylar/1-4-oz-gloss-black-clear-plain.webp
1/4 oz Matte Black/Clear,"SKU MYL-PS-047; size 1/4 oz; Matte Black/Clear; 1,000 qty",164.00,1,https://www.bagsupplyco.com/images/mylar/1-4-oz-matte-black-clear-plain.webp
1/4 oz Matte White/Clear,"SKU MYL-PS-048; size 1/4 oz; Matte White/Clear; 1,000 qty",164.00,1,https://www.bagsupplyco.com/images/mylar/1-4-oz-matte-white-clear-plain.webp
1/2 oz Gloss Black/Clear,"SKU MYL-PS-049; size 1/2 oz; Gloss Black/Clear; 1,000 qty",200.00,1,https://www.bagsupplyco.com/images/mylar/1-2-oz-gloss-black-clear-plain.webp
1/2 oz Matte Black/Clear,"SKU MYL-PS-050; size 1/2 oz; Matte Black/Clear; 1,000 qty",218.00,1,https://www.bagsupplyco.com/images/mylar/1-2-oz-matte-black-clear-plain.webp
1/2 oz Matte Black Opaque,"SKU MYL-PS-051; size 1/2 oz; Matte Black Opaque; 1,000 qty",218.00,1,https://www.bagsupplyco.com/images/mylar/1-2-oz-matte-black-opaque-plain.webp
1 oz Gloss Black/Clear,"SKU MYL-PS-052; size 1 oz; Gloss Black/Clear; 1,000 qty",236.00,1,https://www.bagsupplyco.com/images/mylar/1-oz-gloss-black-clear-plain.webp
1 oz Matte Black/Clear,"SKU MYL-PS-053; size 1 oz; Matte Black/Clear; 1,000 qty",254.00,1,https://www.bagsupplyco.com/images/mylar/1-oz-matte-black-clear-plain.webp
1 oz Matte Black Opaque,"SKU MYL-PS-054; size 1 oz; Matte Black Opaque; 1,000 qty",254.00,1,https://www.bagsupplyco.com/images/mylar/1-oz-matte-black-opaque-plain.webp
1/8 oz CR Exit Bag Gloss Black Opaque,"SKU MYL-PS-055; size 1/8 oz; CR Exit Gloss Black Opaque; 1,000 qty",200.00,1,https://www.bagsupplyco.com/images/mylar/1-8-oz-cr-exit-gloss-black-opaque-plain.webp
1/8 oz CR Exit Bag Matte Black/Clear,"SKU MYL-PS-056; size 1/8 oz; CR Exit Matte Black/Clear; 1,000 qty",200.00,1,https://www.bagsupplyco.com/images/mylar/1-8-oz-cr-exit-matte-black-clear-plain.webp
1/8 oz CR Exit Bag Gloss White/Clear,"SKU MYL-PS-057; size 1/8 oz; CR Exit Gloss White/Clear; 1,000 qty",200.00,1,https://www.bagsupplyco.com/images/mylar/1-8-oz-cr-exit-gloss-white-clear-plain.webp
1/8 oz CR Exit Bag Gloss White Opaque,"SKU MYL-PS-058; size 1/8 oz; CR Exit Gloss White Opaque; 1,000 qty",200.00,1,https://www.bagsupplyco.com/images/mylar/1-8-oz-cr-exit-gloss-white-opaque-plain.webp
1/8 oz CR Exit Bag Kraft Opaque,"SKU MYL-PS-059; size 1/8 oz; CR Exit Kraft Opaque; 1,000 qty",200.00,1,https://www.bagsupplyco.com/images/mylar/1-8-oz-cr-exit-kraft-opaque-plain.webp
1/4 oz CR Exit Bag Matte Black/Clear,"SKU MYL-PS-060; size 1/4 oz; CR Exit Matte Black/Clear; 1,000 qty",237.00,1,https://www.bagsupplyco.com/images/mylar/1-4-oz-cr-exit-matte-black-clear-plain.webp
1/4 oz CR Exit Bag Gloss Black Opaque,"SKU MYL-PS-061; size 1/4 oz; CR Exit Gloss Black Opaque; 1,000 qty",237.00,1,https://www.bagsupplyco.com/images/mylar/1-4-oz-cr-exit-gloss-black-opaque-plain.webp
1/4 oz CR Exit Bag Gloss White/Clear,"SKU MYL-PS-062; size 1/4 oz; CR Exit Gloss White/Clear; 1,000 qty",237.00,1,https://www.bagsupplyco.com/images/mylar/1-4-oz-cr-exit-gloss-white-clear-plain.webp
1/4 oz CR Exit Bag Gloss White Opaque,"SKU MYL-PS-063; size 1/4 oz; CR Exit Gloss White Opaque; 1,000 qty",182.00,1,https://www.bagsupplyco.com/images/mylar/1-4-oz-cr-exit-gloss-white-opaque-plain.webp
1/4 oz CR Exit Bag Kraft Opaque,"SKU MYL-PS-064; size 1/4 oz; CR Exit Kraft Opaque; 1,000 qty",237.00,1,https://www.bagsupplyco.com/images/mylar/1-4-oz-cr-exit-kraft-opaque-plain.webp
1/2 oz CR Exit Bag Matte Black Opaque,"SKU MYL-PS-065; size 1/2 oz; CR Exit Matte Black Opaque; 1,000 qty",291.00,1,https://www.bagsupplyco.com/images/mylar/1-2-oz-cr-exit-matte-black-opaque-plain.webp
1/2 oz CR Exit Bag Gloss Black/Clear,"SKU MYL-PS-066; size 1/2 oz; CR Exit Gloss Black/Clear; 1,000 qty",291.00,1,https://www.bagsupplyco.com/images/mylar/1-2-oz-cr-exit-gloss-black-clear-plain.webp
1/2 oz CR Exit Bag Gloss Black Opaque,"SKU MYL-PS-067; size 1/2 oz; CR Exit Gloss Black Opaque; 1,000 qty",291.00,1,https://www.bagsupplyco.com/images/mylar/1-2-oz-cr-exit-gloss-black-opaque-plain.webp
1/2 oz CR Exit Bag Gloss White/Clear,"SKU MYL-PS-068; size 1/2 oz; CR Exit Gloss White/Clear; 1,000 qty",291.00,1,https://www.bagsupplyco.com/images/mylar/1-2-oz-cr-exit-gloss-white-clear-plain.webp
1/2 oz CR Exit Bag Kraft Opaque,"SKU MYL-PS-069; size 1/2 oz; CR Exit Kraft Opaque; 1,000 qty",291.00,1,https://www.bagsupplyco.com/images/mylar/1-2-oz-cr-exit-kraft-opaque-plain.webp
1 oz CR Exit Bag Matte Black Opaque,"SKU MYL-PS-070; size 1 oz; CR Exit Matte Black Opaque; 1,000 qty",346.00,1,https://www.bagsupplyco.com/images/mylar/1-oz-cr-exit-matte-black-opaque-plain.webp
1 oz CR Exit Bag Matte Black/Clear,"SKU MYL-PS-071; size 1 oz; CR Exit Matte Black/Clear; 1,000 qty",346.00,1,https://www.bagsupplyco.com/images/mylar/1-oz-cr-exit-matte-black-clear-plain.webp
1 oz CR Exit Bag Gloss Black Opaque,"SKU MYL-PS-072; size 1 oz; CR Exit Gloss Black Opaque; 1,000 qty",346.00,1,https://www.bagsupplyco.com/images/mylar/1-oz-cr-exit-gloss-black-opaque-plain.webp
1 oz CR Exit Bag Gloss White/Clear,"SKU MYL-PS-073; size 1 oz; CR Exit Gloss White/Clear; 1,000 qty",346.00,1,https://www.bagsupplyco.com/images/mylar/1-oz-cr-exit-gloss-white-clear-plain.webp
Medium 9 x 6 CR Exit Bag Gloss Black Opaque,"SKU MYL-PS-074; size Medium 9 x 6; CR Exit Gloss Black Opaque; 1,000 qty",364.00,1,https://www.bagsupplyco.com/images/mylar/medium-9-x-6-cr-exit-gloss-black-opaque-plain.webp
Medium 9 x 6 CR Exit Bag Gloss White Opaque,"SKU MYL-PS-075; size Medium 9 x 6; CR Exit Gloss White Opaque; 1,000 qty",364.00,1,https://www.bagsupplyco.com/images/mylar/medium-9-x-6-cr-exit-gloss-white-opaque-plain.webp
Large 12 x 9 CR Exit Bag Gloss Black Opaque,SKU MYL-PS-076; size Large 12 x 9; CR Exit Gloss Black Opaque; 800 qty,491.00,1,https://www.bagsupplyco.com/images/mylar/large-12-x-9-cr-exit-gloss-black-opaque-plain.webp
Pre-Roll CR Top Zipper Matte Black Opaque,"SKU MYL-PS-077; size Pre-Roll; CR Top Zipper Matte Black Opaque; 1,000 qty",146.00,1,https://www.bagsupplyco.com/images/mylar/pre-roll-cr-top-zipper-matte-black-opaque-plain.webp
1g Gloss Gold/Clear,"SKU MYL-PS-078; size 1g; Gloss Gold/Clear; 1,000 qty",128.00,1,https://www.bagsupplyco.com/images/mylar/1g-gloss-gold-clear-plain.webp
1/4 oz Gloss Gold/Clear,"SKU MYL-PS-079; size 1/4 oz; Gloss Gold/Clear; 1,000 qty",164.00,1,https://www.bagsupplyco.com/images/mylar/1-4-oz-gloss-gold-clear-plain.webp
1/4 oz Gloss Silver/Clear,"SKU MYL-PS-080; size 1/4 oz; Gloss Silver/Clear; 1,000 qty",164.00,1,https://www.bagsupplyco.com/images/mylar/1-4-oz-gloss-silver-clear-plain.webp
1/4 oz Kraft Opaque,"SKU MYL-PS-081; size 1/4 oz; Kraft Opaque; 1,000 qty",182.00,1,https://www.bagsupplyco.com/images/mylar/1-4-oz-kraft-opaque-plain.webp
1/2 oz Gloss Gold/Clear,"SKU MYL-PS-082; size 1/2 oz; Gloss Gold/Clear; 1,000 qty",219.00,1,https://www.bagsupplyco.com/images/mylar/1-2-oz-gloss-gold-clear-plain.webp
1/2 oz Gloss Silver/Clear,"SKU MYL-PS-083; size 1/2 oz; Gloss Silver/Clear; 1,000 qty",219.00,1,https://www.bagsupplyco.com/images/mylar/1-2-oz-gloss-silver-clear-plain.webp
1/2 oz Kraft Opaque,"SKU MYL-PS-084; size 1/2 oz; Kraft Opaque; 1,000 qty",200.00,1,https://www.bagsupplyco.com/images/mylar/1-2-oz-kraft-opaque-plain.webp
1 oz Gloss Gold/Clear,"SKU MYL-PS-085; size 1 oz; Gloss Gold/Clear; 1,000 qty",255.00,1,https://www.bagsupplyco.com/images/mylar/1-oz-gloss-gold-clear-plain.webp
1 oz Gloss Silver/Clear,"SKU MYL-PS-086; size 1 oz; Gloss Silver/Clear; 1,000 qty",255.00,1,https://www.bagsupplyco.com/images/mylar/1-oz-gloss-silver-clear-plain.webp
1 oz Kraft Opaque,"SKU MYL-PS-087; size 1 oz; Kraft Opaque; 1,000 qty",309.00,1,https://www.bagsupplyco.com/images/mylar/1-oz-kraft-opaque-plain.webp
1 oz Gloss Holographic/Clear,"SKU MYL-PS-088; size 1 oz; Gloss Holographic/Clear; 1,000 qty",309.00,1,https://www.bagsupplyco.com/images/mylar/1-oz-gloss-holographic-clear-plain.webp
Pre-Roll Gloss Holographic/Clear,"SKU MYL-PS-089; size Pre-Roll; Gloss Holographic/Clear; 1,000 qty",164.00,1,https://www.bagsupplyco.com/images/mylar/pre-roll-gloss-holographic-clear-plain.webp
Pre-Roll Matte Black Opaque,"SKU MYL-PS-090; size Pre-Roll; Matte Black Opaque; 1,000 qty",146.00,1,https://www.bagsupplyco.com/images/mylar/pre-roll-matte-black-opaque-plain.webp
Pre-Roll Kraft Opaque,"SKU MYL-PS-091; size Pre-Roll; Kraft Opaque; 1,000 qty",146.00,1,https://www.bagsupplyco.com/images/mylar/pre-roll-kraft-opaque-plain.webp
Pre-Roll Matte White Opaque,"SKU MYL-PS-092; size Pre-Roll; Matte White Opaque; 1,000 qty",146.00,1,https://www.bagsupplyco.com/images/mylar/pre-roll-matte-white-opaque-plain.webp
Pre-Roll Gloss Black/Clear Hang Hole,"SKU MYL-PS-093; size Pre-Roll; Gloss Black/Clear Hang Hole; 1,000 qty",146.00,1,https://www.bagsupplyco.com/images/mylar/pre-roll-gloss-black-clear-hang-hole-plain.webp
Syringe Pre-Roll Matte Black Opaque Hang Hole,"SKU MYL-PS-094; size Syringe Pre-Roll; Matte Black Opaque Hang Hole; 1,000 qty",146.00,1,https://www.bagsupplyco.com/images/mylar/syringe-pre-roll-matte-black-opaque-hang-hole-plain.webp
Syringe Pre-Roll Matte Black/Clear Hang Hole,"SKU MYL-PS-095; size Syringe Pre-Roll; Matte Black/Clear Hang Hole; 1,000 qty",146.00,1,https://www.bagsupplyco.com/images/mylar/syringe-pre-roll-matte-black-clear-hang-hole-plain.webp
Syringe Pre-Roll Gloss Black Opaque Hang Hole,"SKU MYL-PS-096; size Syringe Pre-Roll; Gloss Black Opaque Hang Hole; 1,000 qty",146.00,1,https://www.bagsupplyco.com/images/mylar/syringe-pre-roll-gloss-black-opaque-hang-hole-plain.webp
1/8 oz Holographic White Mushroom Pouch,"SKU MYL-DP-097; size 1/8 oz; Holographic White Mushroom Pouch; 1,000 qty",255.00,1,https://www.bagsupplyco.com/images/mylar/1-8-oz-holographic-white-mushroom-pouch-designer.webp
1/8 oz Burnt Copper Mushroom Pouch,"SKU MYL-DP-098; size 1/8 oz; Holographic Burnt Copper Mushroom Pouch; 1,000 qty",255.00,1,https://www.bagsupplyco.com/images/mylar/1-8-oz-holographic-burnt-copper-mushroom-pouch-designer.webp
1/4 oz Holographic Black Mushroom Pouch,"SKU MYL-DP-099; size 1/4 oz; Holographic Black Mushroom Pouch; 1,000 qty",273.00,1,https://www.bagsupplyco.com/images/mylar/1-4-oz-holographic-black-mushroom-pouch-designer.webp
1/8 oz Holographic Caviar Diamonds Pouch,"SKU MYL-DP-100; size 1/8 oz; Holographic Caviar Diamonds Pouch; 1,000 qty",255.00,1,https://www.bagsupplyco.com/images/mylar/1-8-oz-holographic-caviar-diamonds-pouch-designer.webp
1/8 oz Blue Cali Caviar Holographic Pouch,"SKU MYL-DP-101; size 1/8 oz; Blue Cali Caviar Holographic Pouch; 1,000 qty",255.00,1,https://www.bagsupplyco.com/images/mylar/1-8-oz-blue-cali-caviar-holographic-pouch-designer.webp
1/8 oz Gloss Silver/Clear + Labels,SKU MYL-DP-102; size 1/8 oz; Gloss Silver/Clear + Labels; 100 qty,49.00,1,https://www.bagsupplyco.com/images/mylar/1-8-oz-gloss-silver-clear-with-labels-designer.webp
1g Gloss Holographic/Clear + Labels,SKU MYL-DP-103; size 1g; Gloss Holographic/Clear + Labels; 100 qty,40.00,1,https://www.bagsupplyco.com/images/mylar/1g-gloss-holographic-clear-with-labels-designer.webp
1/4 oz Gloss Holographic/Clear + Labels,SKU MYL-DP-104; size 1/4 oz; Gloss Holographic/Clear + Labels; 100 qty,64.00,1,https://www.bagsupplyco.com/images/mylar/1-4-oz-gloss-holographic-clear-with-labels-designer.webp
Generic V2 Cannabis Rx Compliant Strain Labels,"SKU LBL-001; 1,000 per case",12.00,1,https://www.bagsupplyco.com/images/labels/generic-v2-cannabis-rx-compliant-strain-labels.webp
California V2 Universal Symbol Rx Compliant Labels,"SKU LBL-002; 1,000 per case",12.00,1,https://www.bagsupplyco.com/images/labels/california-v2-universal-symbol-rx-compliant-labels.webp
Green Tamper Evident Universal Marijuana Strain Labels,"SKU LBL-003; 1,000 per case",12.00,1,https://www.bagsupplyco.com/images/labels/green-tamper-evident-universal-marijuana-strain-labels.webp
Red Tamper Evident Universal Marijuana Strain Labels,"SKU LBL-004; 1,000 per case",12.00,1,https://www.bagsupplyco.com/images/labels/red-tamper-evident-universal-marijuana-strain-labels.webp
Montana THC Universal Symbol Labels,"SKU LBL-005; 1,000 per case",12.00,1,https://www.bagsupplyco.com/images/labels/montana-thc-universal-symbol-labels.webp
Oklahoma OMMA Universal Symbol Labels,"SKU LBL-006; 1,000 per case",12.00,1,https://www.bagsupplyco.com/images/labels/oklahoma-omma-universal-symbol-labels.webp
Thank You T-Shirt Bags - Large,"SKU RT-TYB; Large size; 1,000 per case",45.00,1,https://www.bagsupplyco.com/images/catalog/retail-bags/thank-you-t-shirt-bags-main.webp
Thank You T-Shirt Bags - Small,SKU RT-TYB; Small size; 500 per case,30.00,1,https://www.bagsupplyco.com/images/catalog/retail-bags/thank-you-t-shirt-bags-main.webp
Printed Cigar Bags - 3 x 10,"SKU CIG-3X10; size 3 x 10; 1,000 per case",115.00,1,https://www.bagsupplyco.com/images/catalog/cigar-bags/cigar-bag-3x10.jpg
Printed Cigar Bags - 5 x 10,"SKU CIG-5X10; size 5 x 10; 1,000 per case",120.00,1,https://www.bagsupplyco.com/images/catalog/cigar-bags/cigar-bag-5x10.jpg
Printed Cigar Bags - 8 x 10,"SKU CIG-8X10; size 8 x 10; 1,000 per case",135.00,1,https://www.bagsupplyco.com/images/catalog/cigar-bags/cigar-bag-8x10.jpg
Slider Cigar Bags 4 Mil - 6.5 x 10,SKU CIG-SLD-6.5X10; size 6.5 x 10; 100 per pack,175.00,1,https://www.bagsupplyco.com/images/catalog/cigar-bags/cigar-bag-slider-6x10.jpg
